group,function,value,sample_time_nanos,iteration_count
eosio_numstr::name_to_string,,614251535012020768,976800.0,11090
eosio_numstr::name_to_string,,614251535012020768,1960900.0,22180
eosio_numstr::name_to_string,,614251535012020768,2930100.0,33270
eosio_numstr::name_to_string,,614251535012020768,3905600.0,44360
eosio_numstr::name_to_string,,614251535012020768,5347900.0,55450
eosio_numstr::name_to_string,,614251535012020768,5870100.0,66540
eosio_numstr::name_to_string,,614251535012020768,6896300.0,77630
eosio_numstr::name_to_string,,614251535012020768,7917400.0,88720
eosio_numstr::name_to_string,,614251535012020768,9036500.0,99810
eosio_numstr::name_to_string,,614251535012020768,9772100.0,110900
eosio_numstr::name_to_string,,614251535012020768,11293800.0,121990
eosio_numstr::name_to_string,,614251535012020768,11799900.0,133080
eosio_numstr::name_to_string,,614251535012020768,12716300.0,144170
eosio_numstr::name_to_string,,614251535012020768,13678000.0,155260
eosio_numstr::name_to_string,,614251535012020768,14977200.0,166350
eosio_numstr::name_to_string,,614251535012020768,15722500.0,177440
eosio_numstr::name_to_string,,614251535012020768,16696100.0,188530
eosio_numstr::name_to_string,,614251535012020768,18589300.0,199620
eosio_numstr::name_to_string,,614251535012020768,19365800.0,210710
eosio_numstr::name_to_string,,614251535012020768,19942500.0,221800
eosio_numstr::name_to_string,,614251535012020768,20603400.0,232890
eosio_numstr::name_to_string,,614251535012020768,21514600.0,243980
eosio_numstr::name_to_string,,614251535012020768,22536800.0,255070
eosio_numstr::name_to_string,,614251535012020768,23467800.0,266160
eosio_numstr::name_to_string,,614251535012020768,24447400.0,277250
eosio_numstr::name_to_string,,614251535012020768,25476000.0,288340
eosio_numstr::name_to_string,,614251535012020768,26395300.0,299430
eosio_numstr::name_to_string,,614251535012020768,27506600.0,310520
eosio_numstr::name_to_string,,614251535012020768,28430000.0,321610
eosio_numstr::name_to_string,,614251535012020768,29557800.0,332700
eosio_numstr::name_to_string,,614251535012020768,30671800.0,343790
eosio_numstr::name_to_string,,614251535012020768,31391100.0,354880
eosio_numstr::name_to_string,,614251535012020768,32710200.0,365970
eosio_numstr::name_to_string,,614251535012020768,33771800.0,377060
eosio_numstr::name_to_string,,614251535012020768,34334300.0,388150
eosio_numstr::name_to_string,,614251535012020768,35187500.0,399240
eosio_numstr::name_to_string,,614251535012020768,36383800.0,410330
eosio_numstr::name_to_string,,614251535012020768,37470000.0,421420
eosio_numstr::name_to_string,,614251535012020768,38188300.0,432510
eosio_numstr::name_to_string,,614251535012020768,39191700.0,443600
eosio_numstr::name_to_string,,614251535012020768,40251500.0,454690
eosio_numstr::name_to_string,,614251535012020768,42045100.0,465780
eosio_numstr::name_to_string,,614251535012020768,43743000.0,476870
eosio_numstr::name_to_string,,614251535012020768,43112300.0,487960
eosio_numstr::name_to_string,,614251535012020768,44131100.0,499050
eosio_numstr::name_to_string,,614251535012020768,45461600.0,510140
eosio_numstr::name_to_string,,614251535012020768,47039000.0,521230
eosio_numstr::name_to_string,,614251535012020768,47224100.0,532320
eosio_numstr::name_to_string,,614251535012020768,48853400.0,543410
eosio_numstr::name_to_string,,614251535012020768,50048700.0,554500
eosio_numstr::name_to_string,,614251535012020768,49936300.0,565590
eosio_numstr::name_to_string,,614251535012020768,51206300.0,576680
eosio_numstr::name_to_string,,614251535012020768,51985300.0,587770
eosio_numstr::name_to_string,,614251535012020768,52819300.0,598860
eosio_numstr::name_to_string,,614251535012020768,54031800.0,609950
eosio_numstr::name_to_string,,614251535012020768,55262000.0,621040
eosio_numstr::name_to_string,,614251535012020768,56151800.0,632130
eosio_numstr::name_to_string,,614251535012020768,56765900.0,643220
eosio_numstr::name_to_string,,614251535012020768,57817900.0,654310
eosio_numstr::name_to_string,,614251535012020768,58728500.0,665400
eosio_numstr::name_to_string,,614251535012020768,59761600.0,676490
eosio_numstr::name_to_string,,614251535012020768,61339300.0,687580
eosio_numstr::name_to_string,,614251535012020768,61717300.0,698670
eosio_numstr::name_to_string,,614251535012020768,62563500.0,709760
eosio_numstr::name_to_string,,614251535012020768,65093800.0,720850
eosio_numstr::name_to_string,,614251535012020768,65331100.0,731940
eosio_numstr::name_to_string,,614251535012020768,65934300.0,743030
eosio_numstr::name_to_string,,614251535012020768,68576800.0,754120
eosio_numstr::name_to_string,,614251535012020768,69144900.0,765210
eosio_numstr::name_to_string,,614251535012020768,69068400.0,776300
eosio_numstr::name_to_string,,614251535012020768,69385900.0,787390
eosio_numstr::name_to_string,,614251535012020768,71093900.0,798480
eosio_numstr::name_to_string,,614251535012020768,71582100.0,809570
eosio_numstr::name_to_string,,614251535012020768,73016300.0,820660
eosio_numstr::name_to_string,,614251535012020768,73507700.0,831750
eosio_numstr::name_to_string,,614251535012020768,74812900.0,842840
eosio_numstr::name_to_string,,614251535012020768,75766100.0,853930
eosio_numstr::name_to_string,,614251535012020768,76350100.0,865020
eosio_numstr::name_to_string,,614251535012020768,84351400.0,876110
eosio_numstr::name_to_string,,614251535012020768,78716600.0,887200
eosio_numstr::name_to_string,,614251535012020768,81470500.0,898290
eosio_numstr::name_to_string,,614251535012020768,82133700.0,909380
eosio_numstr::name_to_string,,614251535012020768,81342100.0,920470
eosio_numstr::name_to_string,,614251535012020768,82375900.0,931560
eosio_numstr::name_to_string,,614251535012020768,83879100.0,942650
eosio_numstr::name_to_string,,614251535012020768,84332100.0,953740
eosio_numstr::name_to_string,,614251535012020768,86022100.0,964830
eosio_numstr::name_to_string,,614251535012020768,86115000.0,975920
eosio_numstr::name_to_string,,614251535012020768,87929700.0,987010
eosio_numstr::name_to_string,,614251535012020768,88342600.0,998100
eosio_numstr::name_to_string,,614251535012020768,90077600.0,1009190
eosio_numstr::name_to_string,,614251535012020768,90427700.0,1020280
eosio_numstr::name_to_string,,614251535012020768,91566000.0,1031370
eosio_numstr::name_to_string,,614251535012020768,94666400.0,1042460
eosio_numstr::name_to_string,,614251535012020768,95416900.0,1053550
eosio_numstr::name_to_string,,614251535012020768,94564500.0,1064640
eosio_numstr::name_to_string,,614251535012020768,95222200.0,1075730
eosio_numstr::name_to_string,,614251535012020768,96070700.0,1086820
eosio_numstr::name_to_string,,614251535012020768,97478100.0,1097910
eosio_numstr::name_to_string,,614251535012020768,100257400.0,1109000
